id|gloss
P1_S01_R1|AKU CIUM BADAN DIA
P2_S01_R1|AKU CIUM BADAN DIA
P3_S01_R1|AKU CIUM BADAN DIA
P4_S01_R1|AKU CIUM BADAN DIA
P5_S01_R1|AKU CIUM BADAN DIA
P1_S01_R2|AKU CIUM BADAN DIA
P2_S01_R2|AKU CIUM BADAN DIA
P3_S01_R2|AKU CIUM BADAN DIA
P4_S01_R2|AKU CIUM BADAN DIA
P5_S01_R2|AKU CIUM BADAN DIA
P1_S01_R3|AKU CIUM BADAN DIA
P2_S01_R3|AKU CIUM BADAN DIA
P3_S01_R3|AKU CIUM BADAN DIA
P4_S01_R3|AKU CIUM BADAN DIA
P5_S01_R3|AKU CIUM BADAN DIA
P1_S01_R4|AKU CIUM BADAN DIA
P2_S01_R4|AKU CIUM BADAN DIA
P3_S01_R4|AKU CIUM BADAN DIA
P4_S01_R4|AKU CIUM BADAN DIA
P5_S01_R4|AKU CIUM BADAN DIA
P1_S02_R1|AKU LIHAT ADA ULAR MASUK KELAS
P2_S02_R1|AKU LIHAT ADA ULAR MASUK KELAS
P3_S02_R1|AKU LIHAT ADA ULAR MASUK KELAS
P4_S02_R1|AKU LIHAT ADA ULAR MASUK KELAS
P5_S02_R1|AKU LIHAT ADA ULAR MASUK KELAS
P1_S02_R2|AKU LIHAT ADA ULAR MASUK KELAS
P2_S02_R2|AKU LIHAT ADA ULAR MASUK KELAS
P3_S02_R2|AKU LIHAT ADA ULAR MASUK KELAS
P4_S02_R2|AKU LIHAT ADA ULAR MASUK KELAS
P5_S02_R2|AKU LIHAT ADA ULAR MASUK KELAS
P1_S02_R3|AKU LIHAT ADA ULAR MASUK KELAS
P2_S02_R3|AKU LIHAT ADA ULAR MASUK KELAS
P3_S02_R3|AKU LIHAT ADA ULAR MASUK KELAS
P4_S02_R3|AKU LIHAT ADA ULAR MASUK KELAS
P5_S02_R3|AKU LIHAT ADA ULAR MASUK KELAS
P1_S02_R4|AKU LIHAT ADA ULAR MASUK KELAS
P2_S02_R4|AKU LIHAT ADA ULAR MASUK KELAS
P3_S02_R4|AKU LIHAT ADA ULAR MASUK KELAS
P4_S02_R4|AKU LIHAT ADA ULAR MASUK KELAS
P5_S02_R4|AKU LIHAT ADA ULAR MASUK KELAS
P1_S03_R1|AKU NILAI JELEK
P2_S03_R1|AKU NILAI JELEK
P3_S03_R1|AKU NILAI JELEK
P4_S03_R1|AKU NILAI JELEK
P5_S03_R1|AKU NILAI JELEK
P1_S03_R2|AKU NILAI JELEK
P2_S03_R2|AKU NILAI JELEK
P3_S03_R2|AKU NILAI JELEK
P4_S03_R2|AKU NILAI JELEK
P5_S03_R2|AKU NILAI JELEK
P1_S03_R3|AKU NILAI JELEK
P2_S03_R3|AKU NILAI JELEK
P3_S03_R3|AKU NILAI JELEK
P4_S03_R3|AKU NILAI JELEK
P5_S03_R3|AKU NILAI JELEK
P1_S03_R4|AKU NILAI JELEK
P2_S03_R4|AKU NILAI JELEK
P3_S03_R4|AKU NILAI JELEK
P4_S03_R4|AKU NILAI JELEK
P5_S03_R4|AKU NILAI JELEK
P1_S04_R1|AKU PUSING AKU HARUS PERIKSA MANA
P2_S04_R1|AKU PUSING AKU HARUS PERIKSA MANA
P3_S04_R1|AKU PUSING AKU HARUS PERIKSA MANA
P4_S04_R1|AKU PUSING AKU HARUS PERIKSA MANA
P5_S04_R1|AKU PUSING AKU HARUS PERIKSA MANA
P1_S04_R2|AKU PUSING AKU HARUS PERIKSA MANA
P2_S04_R2|AKU PUSING AKU HARUS PERIKSA MANA
P3_S04_R2|AKU PUSING AKU HARUS PERIKSA MANA
P4_S04_R2|AKU PUSING AKU HARUS PERIKSA MANA
P5_S04_R2|AKU PUSING AKU HARUS PERIKSA MANA
P1_S04_R3|AKU PUSING AKU HARUS PERIKSA MANA
P2_S04_R3|AKU PUSING AKU HARUS PERIKSA MANA
P3_S04_R3|AKU PUSING AKU HARUS PERIKSA MANA
P4_S04_R3|AKU PUSING AKU HARUS PERIKSA MANA
P5_S04_R3|AKU PUSING AKU HARUS PERIKSA MANA
P1_S04_R4|AKU PUSING AKU HARUS PERIKSA MANA
P2_S04_R4|AKU PUSING AKU HARUS PERIKSA MANA
P3_S04_R4|AKU PUSING AKU HARUS PERIKSA MANA
P4_S04_R4|AKU PUSING AKU HARUS PERIKSA MANA
P5_S04_R4|AKU PUSING AKU HARUS PERIKSA MANA
P1_S05_R1|APA KAMU PERNAH BACA BUKU BAHASA INGGRIS
P2_S05_R1|APA KAMU PERNAH BACA BUKU BAHASA INGGRIS
P3_S05_R1|APA KAMU PERNAH BACA BUKU BAHASA INGGRIS
P4_S05_R1|APA KAMU PERNAH BACA BUKU BAHASA INGGRIS
P5_S05_R1|APA KAMU PERNAH BACA BUKU BAHASA INGGRIS
P1_S05_R2|APA KAMU PERNAH BACA BUKU BAHASA INGGRIS
P2_S05_R2|APA KAMU PERNAH BACA BUKU BAHASA INGGRIS
P3_S05_R2|APA KAMU PERNAH BACA BUKU BAHASA INGGRIS
P4_S05_R2|APA KAMU PERNAH BACA BUKU BAHASA INGGRIS
P5_S05_R2|APA KAMU PERNAH BACA BUKU BAHASA INGGRIS
P1_S05_R3|APA KAMU PERNAH BACA BUKU BAHASA INGGRIS
P2_S05_R3|APA KAMU PERNAH BACA BUKU BAHASA INGGRIS
P3_S05_R3|APA KAMU PERNAH BACA BUKU BAHASA INGGRIS
P4_S05_R3|APA KAMU PERNAH BACA BUKU BAHASA INGGRIS
P5_S05_R3|APA KAMU PERNAH BACA BUKU BAHASA INGGRIS
P1_S05_R4|APA KAMU PERNAH BACA BUKU BAHASA INGGRIS
P2_S05_R4|APA KAMU PERNAH BACA BUKU BAHASA INGGRIS
P3_S05_R4|APA KAMU PERNAH BACA BUKU BAHASA INGGRIS
P4_S05_R4|APA KAMU PERNAH BACA BUKU BAHASA INGGRIS
P5_S05_R4|APA KAMU PERNAH BACA BUKU BAHASA INGGRIS
P1_S06_R1|AYAH SAMA IBU MANA
P2_S06_R1|AYAH SAMA IBU MANA
P3_S06_R1|AYAH SAMA IBU MANA
P4_S06_R1|AYAH SAMA IBU MANA
P5_S06_R1|AYAH SAMA IBU MANA
P1_S06_R2|AYAH SAMA IBU MANA
P2_S06_R2|AYAH SAMA IBU MANA
P3_S06_R2|AYAH SAMA IBU MANA
P4_S06_R2|AYAH SAMA IBU MANA
P5_S06_R2|AYAH SAMA IBU MANA
P1_S06_R3|AYAH SAMA IBU MANA
P2_S06_R3|AYAH SAMA IBU MANA
P3_S06_R3|AYAH SAMA IBU MANA
P4_S06_R3|AYAH SAMA IBU MANA
P5_S06_R3|AYAH SAMA IBU MANA
P1_S06_R4|AYAH SAMA IBU MANA
P2_S06_R4|AYAH SAMA IBU MANA
P3_S06_R4|AYAH SAMA IBU MANA
P4_S06_R4|AYAH SAMA IBU MANA
P5_S06_R4|AYAH SAMA IBU MANA
P1_S07_R1|BADAN AKU GEMUK TAPI BADAN ADIK KURUS
P2_S07_R1|BADAN AKU GEMUK TAPI BADAN ADIK KURUS
P3_S07_R1|BADAN AKU GEMUK TAPI BADAN ADIK KURUS
P4_S07_R1|BADAN AKU GEMUK TAPI BADAN ADIK KURUS
P5_S07_R1|BADAN AKU GEMUK TAPI BADAN ADIK KURUS
P1_S07_R2|BADAN AKU GEMUK TAPI BADAN ADIK KURUS
P2_S07_R2|BADAN AKU GEMUK TAPI BADAN ADIK KURUS
P3_S07_R2|BADAN AKU GEMUK TAPI BADAN ADIK KURUS
P4_S07_R2|BADAN AKU GEMUK TAPI BADAN ADIK KURUS
P5_S07_R2|BADAN AKU GEMUK TAPI BADAN ADIK KURUS
P1_S07_R3|BADAN AKU GEMUK TAPI BADAN ADIK KURUS
P2_S07_R3|BADAN AKU GEMUK TAPI BADAN ADIK KURUS
P3_S07_R3|BADAN AKU GEMUK TAPI BADAN ADIK KURUS
P4_S07_R3|BADAN AKU GEMUK TAPI BADAN ADIK KURUS
P5_S07_R3|BADAN AKU GEMUK TAPI BADAN ADIK KURUS
P1_S07_R4|BADAN AKU GEMUK TAPI BADAN ADIK KURUS
P2_S07_R4|BADAN AKU GEMUK TAPI BADAN ADIK KURUS
P3_S07_R4|BADAN AKU GEMUK TAPI BADAN ADIK KURUS
P4_S07_R4|BADAN AKU GEMUK TAPI BADAN ADIK KURUS
P5_S07_R4|BADAN AKU GEMUK TAPI BADAN ADIK KURUS
P1_S08_R1|BUKU AKU SOBEK GEGARA DIA
P2_S08_R1|BUKU AKU SOBEK GEGARA DIA
P3_S08_R1|BUKU AKU SOBEK GEGARA DIA
P4_S08_R1|BUKU AKU SOBEK GEGARA DIA
P5_S08_R1|BUKU AKU SOBEK GEGARA DIA
P1_S08_R2|BUKU AKU SOBEK GEGARA DIA
P2_S08_R2|BUKU AKU SOBEK GEGARA DIA
P3_S08_R2|BUKU AKU SOBEK GEGARA DIA
P4_S08_R2|BUKU AKU SOBEK GEGARA DIA
P5_S08_R2|BUKU AKU SOBEK GEGARA DIA
P1_S08_R3|BUKU AKU SOBEK GEGARA DIA
P2_S08_R3|BUKU AKU SOBEK GEGARA DIA
P3_S08_R3|BUKU AKU SOBEK GEGARA DIA
P4_S08_R3|BUKU AKU SOBEK GEGARA DIA
P5_S08_R3|BUKU AKU SOBEK GEGARA DIA
P1_S08_R4|BUKU AKU SOBEK GEGARA DIA
P2_S08_R4|BUKU AKU SOBEK GEGARA DIA
P3_S08_R4|BUKU AKU SOBEK GEGARA DIA
P4_S08_R4|BUKU AKU SOBEK GEGARA DIA
P5_S08_R4|BUKU AKU SOBEK GEGARA DIA
P1_S09_R1|DIA ANAK BAIK SAMPAI BANYAK ORANG SUKA
P2_S09_R1|DIA ANAK BAIK SAMPAI BANYAK ORANG SUKA
P3_S09_R1|DIA ANAK BAIK SAMPAI BANYAK ORANG SUKA
P4_S09_R1|DIA ANAK BAIK SAMPAI BANYAK ORANG SUKA
P5_S09_R1|DIA ANAK BAIK SAMPAI BANYAK ORANG SUKA
P1_S09_R2|DIA ANAK BAIK SAMPAI BANYAK ORANG SUKA
P2_S09_R2|DIA ANAK BAIK SAMPAI BANYAK ORANG SUKA
P3_S09_R2|DIA ANAK BAIK SAMPAI BANYAK ORANG SUKA
P4_S09_R2|DIA ANAK BAIK SAMPAI BANYAK ORANG SUKA
P5_S09_R2|DIA ANAK BAIK SAMPAI BANYAK ORANG SUKA
P1_S09_R3|DIA ANAK BAIK SAMPAI BANYAK ORANG SUKA
P2_S09_R3|DIA ANAK BAIK SAMPAI BANYAK ORANG SUKA
P3_S09_R3|DIA ANAK BAIK SAMPAI BANYAK ORANG SUKA
P4_S09_R3|DIA ANAK BAIK SAMPAI BANYAK ORANG SUKA
P5_S09_R3|DIA ANAK BAIK SAMPAI BANYAK ORANG SUKA
P1_S09_R4|DIA ANAK BAIK SAMPAI BANYAK ORANG SUKA
P2_S09_R4|DIA ANAK BAIK SAMPAI BANYAK ORANG SUKA
P3_S09_R4|DIA ANAK BAIK SAMPAI BANYAK ORANG SUKA
P4_S09_R4|DIA ANAK BAIK SAMPAI BANYAK ORANG SUKA
P5_S09_R4|DIA ANAK BAIK SAMPAI BANYAK ORANG SUKA
P1_S10_R1|DIA MENGEJEK AKU
P2_S10_R1|DIA MENGEJEK AKU
P3_S10_R1|DIA MENGEJEK AKU
P4_S10_R1|DIA MENGEJEK AKU
P5_S10_R1|DIA MENGEJEK AKU
P1_S10_R2|DIA MENGEJEK AKU
P2_S10_R2|DIA MENGEJEK AKU
P3_S10_R2|DIA MENGEJEK AKU
P4_S10_R2|DIA MENGEJEK AKU
P5_S10_R2|DIA MENGEJEK AKU
P1_S10_R3|DIA MENGEJEK AKU
P2_S10_R3|DIA MENGEJEK AKU
P3_S10_R3|DIA MENGEJEK AKU
P4_S10_R3|DIA MENGEJEK AKU
P5_S10_R3|DIA MENGEJEK AKU
P1_S10_R4|DIA MENGEJEK AKU
P2_S10_R4|DIA MENGEJEK AKU
P3_S10_R4|DIA MENGEJEK AKU
P4_S10_R4|DIA MENGEJEK AKU
P5_S10_R4|DIA MENGEJEK AKU
P1_S11_R1|GAKBOLEH PULANG SEKARANG KAMU
P2_S11_R1|GAKBOLEH PULANG SEKARANG KAMU
P3_S11_R1|GAKBOLEH PULANG SEKARANG KAMU
P4_S11_R1|GAKBOLEH PULANG SEKARANG KAMU
P5_S11_R1|GAKBOLEH PULANG SEKARANG KAMU
P1_S11_R2|GAKBOLEH PULANG SEKARANG KAMU
P2_S11_R2|GAKBOLEH PULANG SEKARANG KAMU
P3_S11_R2|GAKBOLEH PULANG SEKARANG KAMU
P4_S11_R2|GAKBOLEH PULANG SEKARANG KAMU
P5_S11_R2|GAKBOLEH PULANG SEKARANG KAMU
P1_S11_R3|GAKBOLEH PULANG SEKARANG KAMU
P2_S11_R3|GAKBOLEH PULANG SEKARANG KAMU
P3_S11_R3|GAKBOLEH PULANG SEKARANG KAMU
P4_S11_R3|GAKBOLEH PULANG SEKARANG KAMU
P5_S11_R3|GAKBOLEH PULANG SEKARANG KAMU
P1_S11_R4|GAKBOLEH PULANG SEKARANG KAMU
P2_S11_R4|GAKBOLEH PULANG SEKARANG KAMU
P3_S11_R4|GAKBOLEH PULANG SEKARANG KAMU
P4_S11_R4|GAKBOLEH PULANG SEKARANG KAMU
P5_S11_R4|GAKBOLEH PULANG SEKARANG KAMU
P1_S12_R1|IBU AKU PUNYA KUCING SAMA IKAN
P2_S12_R1|IBU AKU PUNYA KUCING SAMA IKAN
P3_S12_R1|IBU AKU PUNYA KUCING SAMA IKAN
P4_S12_R1|IBU AKU PUNYA KUCING SAMA IKAN
P5_S12_R1|IBU AKU PUNYA KUCING SAMA IKAN
P1_S12_R2|IBU AKU PUNYA KUCING SAMA IKAN
P2_S12_R2|IBU AKU PUNYA KUCING SAMA IKAN
P3_S12_R2|IBU AKU PUNYA KUCING SAMA IKAN
P4_S12_R2|IBU AKU PUNYA KUCING SAMA IKAN
P5_S12_R2|IBU AKU PUNYA KUCING SAMA IKAN
P1_S12_R3|IBU AKU PUNYA KUCING SAMA IKAN
P2_S12_R3|IBU AKU PUNYA KUCING SAMA IKAN
P3_S12_R3|IBU AKU PUNYA KUCING SAMA IKAN
P4_S12_R3|IBU AKU PUNYA KUCING SAMA IKAN
P5_S12_R3|IBU AKU PUNYA KUCING SAMA IKAN
P1_S12_R4|IBU AKU PUNYA KUCING SAMA IKAN
P2_S12_R4|IBU AKU PUNYA KUCING SAMA IKAN
P3_S12_R4|IBU AKU PUNYA KUCING SAMA IKAN
P4_S12_R4|IBU AKU PUNYA KUCING SAMA IKAN
P5_S12_R4|IBU AKU PUNYA KUCING SAMA IKAN
P1_S13_R1|KAKAK AKU KASIH HADIAH BUAT AKU
P2_S13_R1|KAKAK AKU KASIH HADIAH BUAT AKU
P3_S13_R1|KAKAK AKU KASIH HADIAH BUAT AKU
P4_S13_R1|KAKAK AKU KASIH HADIAH BUAT AKU
P5_S13_R1|KAKAK AKU KASIH HADIAH BUAT AKU
P1_S13_R2|KAKAK AKU KASIH HADIAH BUAT AKU
P2_S13_R2|KAKAK AKU KASIH HADIAH BUAT AKU
P3_S13_R2|KAKAK AKU KASIH HADIAH BUAT AKU
P4_S13_R2|KAKAK AKU KASIH HADIAH BUAT AKU
P5_S13_R2|KAKAK AKU KASIH HADIAH BUAT AKU
P1_S13_R3|KAKAK AKU KASIH HADIAH BUAT AKU
P2_S13_R3|KAKAK AKU KASIH HADIAH BUAT AKU
P3_S13_R3|KAKAK AKU KASIH HADIAH BUAT AKU
P4_S13_R3|KAKAK AKU KASIH HADIAH BUAT AKU
P5_S13_R3|KAKAK AKU KASIH HADIAH BUAT AKU
P1_S13_R4|KAKAK AKU KASIH HADIAH BUAT AKU
P2_S13_R4|KAKAK AKU KASIH HADIAH BUAT AKU
P3_S13_R4|KAKAK AKU KASIH HADIAH BUAT AKU
P4_S13_R4|KAKAK AKU KASIH HADIAH BUAT AKU
P5_S13_R4|KAKAK AKU KASIH HADIAH BUAT AKU
P1_S14_R1|KAMU BELAJAR BISINDO KAPAN
P2_S14_R1|KAMU BELAJAR BISINDO KAPAN
P3_S14_R1|KAMU BELAJAR BISINDO KAPAN
P4_S14_R1|KAMU BELAJAR BISINDO KAPAN
P5_S14_R1|KAMU BELAJAR BISINDO KAPAN
P1_S14_R2|KAMU BELAJAR BISINDO KAPAN
P2_S14_R2|KAMU BELAJAR BISINDO KAPAN
P3_S14_R2|KAMU BELAJAR BISINDO KAPAN
P4_S14_R2|KAMU BELAJAR BISINDO KAPAN
P5_S14_R2|KAMU BELAJAR BISINDO KAPAN
P1_S14_R3|KAMU BELAJAR BISINDO KAPAN
P2_S14_R3|KAMU BELAJAR BISINDO KAPAN
P3_S14_R3|KAMU BELAJAR BISINDO KAPAN
P4_S14_R3|KAMU BELAJAR BISINDO KAPAN
P5_S14_R3|KAMU BELAJAR BISINDO KAPAN
P1_S14_R4|KAMU BELAJAR BISINDO KAPAN
P2_S14_R4|KAMU BELAJAR BISINDO KAPAN
P3_S14_R4|KAMU BELAJAR BISINDO KAPAN
P4_S14_R4|KAMU BELAJAR BISINDO KAPAN
P5_S14_R4|KAMU BELAJAR BISINDO KAPAN
P1_S15_R1|KAMU PERGI MANA
P2_S15_R1|KAMU PERGI MANA
P3_S15_R1|KAMU PERGI MANA
P4_S15_R1|KAMU PERGI MANA
P5_S15_R1|KAMU PERGI MANA
P1_S15_R2|KAMU PERGI MANA
P2_S15_R2|KAMU PERGI MANA
P3_S15_R2|KAMU PERGI MANA
P4_S15_R2|KAMU PERGI MANA
P5_S15_R2|KAMU PERGI MANA
P1_S15_R3|KAMU PERGI MANA
P2_S15_R3|KAMU PERGI MANA
P3_S15_R3|KAMU PERGI MANA
P4_S15_R3|KAMU PERGI MANA
P5_S15_R3|KAMU PERGI MANA
P1_S15_R4|KAMU PERGI MANA
P2_S15_R4|KAMU PERGI MANA
P3_S15_R4|KAMU PERGI MANA
P4_S15_R4|KAMU PERGI MANA
P5_S15_R4|KAMU PERGI MANA
P1_S16_R1|KAMU PUNYA ANGGOTA KELUARGA BERAPA
P2_S16_R1|KAMU PUNYA ANGGOTA KELUARGA BERAPA
P3_S16_R1|KAMU PUNYA ANGGOTA KELUARGA BERAPA
P4_S16_R1|KAMU PUNYA ANGGOTA KELUARGA BERAPA
P5_S16_R1|KAMU PUNYA ANGGOTA KELUARGA BERAPA
P1_S16_R2|KAMU PUNYA ANGGOTA KELUARGA BERAPA
P2_S16_R2|KAMU PUNYA ANGGOTA KELUARGA BERAPA
P3_S16_R2|KAMU PUNYA ANGGOTA KELUARGA BERAPA
P4_S16_R2|KAMU PUNYA ANGGOTA KELUARGA BERAPA
P5_S16_R2|KAMU PUNYA ANGGOTA KELUARGA BERAPA
P1_S16_R3|KAMU PUNYA ANGGOTA KELUARGA BERAPA
P2_S16_R3|KAMU PUNYA ANGGOTA KELUARGA BERAPA
P3_S16_R3|KAMU PUNYA ANGGOTA KELUARGA BERAPA
P4_S16_R3|KAMU PUNYA ANGGOTA KELUARGA BERAPA
P5_S16_R3|KAMU PUNYA ANGGOTA KELUARGA BERAPA
P1_S16_R4|KAMU PUNYA ANGGOTA KELUARGA BERAPA
P2_S16_R4|KAMU PUNYA ANGGOTA KELUARGA BERAPA
P3_S16_R4|KAMU PUNYA ANGGOTA KELUARGA BERAPA
P4_S16_R4|KAMU PUNYA ANGGOTA KELUARGA BERAPA
P5_S16_R4|KAMU PUNYA ANGGOTA KELUARGA BERAPA
P1_S17_R1|KENAPA KAMU GAK MASUK KULIAH KEMARIN
P2_S17_R1|KENAPA KAMU GAK MASUK KULIAH KEMARIN
P3_S17_R1|KENAPA KAMU GAK MASUK KULIAH KEMARIN
P4_S17_R1|KENAPA KAMU GAK MASUK KULIAH KEMARIN
P5_S17_R1|KENAPA KAMU GAK MASUK KULIAH KEMARIN
P1_S17_R2|KENAPA KAMU GAK MASUK KULIAH KEMARIN
P2_S17_R2|KENAPA KAMU GAK MASUK KULIAH KEMARIN
P3_S17_R2|KENAPA KAMU GAK MASUK KULIAH KEMARIN
P4_S17_R2|KENAPA KAMU GAK MASUK KULIAH KEMARIN
P5_S17_R2|KENAPA KAMU GAK MASUK KULIAH KEMARIN
P1_S17_R3|KENAPA KAMU GAK MASUK KULIAH KEMARIN
P2_S17_R3|KENAPA KAMU GAK MASUK KULIAH KEMARIN
P3_S17_R3|KENAPA KAMU GAK MASUK KULIAH KEMARIN
P4_S17_R3|KENAPA KAMU GAK MASUK KULIAH KEMARIN
P5_S17_R3|KENAPA KAMU GAK MASUK KULIAH KEMARIN
P1_S17_R4|KENAPA KAMU GAK MASUK KULIAH KEMARIN
P2_S17_R4|KENAPA KAMU GAK MASUK KULIAH KEMARIN
P3_S17_R4|KENAPA KAMU GAK MASUK KULIAH KEMARIN
P4_S17_R4|KENAPA KAMU GAK MASUK KULIAH KEMARIN
P5_S17_R4|KENAPA KAMU GAK MASUK KULIAH KEMARIN
P1_S18_R1|KITA ISTIRAHAT JAM BERAPA
P2_S18_R1|KITA ISTIRAHAT JAM BERAPA
P3_S18_R1|KITA ISTIRAHAT JAM BERAPA
P4_S18_R1|KITA ISTIRAHAT JAM BERAPA
P5_S18_R1|KITA ISTIRAHAT JAM BERAPA
P1_S18_R2|KITA ISTIRAHAT JAM BERAPA
P2_S18_R2|KITA ISTIRAHAT JAM BERAPA
P3_S18_R2|KITA ISTIRAHAT JAM BERAPA
P4_S18_R2|KITA ISTIRAHAT JAM BERAPA
P5_S18_R2|KITA ISTIRAHAT JAM BERAPA
P1_S18_R3|KITA ISTIRAHAT JAM BERAPA
P2_S18_R3|KITA ISTIRAHAT JAM BERAPA
P3_S18_R3|KITA ISTIRAHAT JAM BERAPA
P4_S18_R3|KITA ISTIRAHAT JAM BERAPA
P5_S18_R3|KITA ISTIRAHAT JAM BERAPA
P1_S18_R4|KITA ISTIRAHAT JAM BERAPA
P2_S18_R4|KITA ISTIRAHAT JAM BERAPA
P3_S18_R4|KITA ISTIRAHAT JAM BERAPA
P4_S18_R4|KITA ISTIRAHAT JAM BERAPA
P5_S18_R4|KITA ISTIRAHAT JAM BERAPA
P1_S19_R1|MANA IBU KAMU BAIK-BAIK ATAU TIDAK
P2_S19_R1|MANA IBU KAMU BAIK-BAIK ATAU TIDAK
P3_S19_R1|MANA IBU KAMU BAIK-BAIK ATAU TIDAK
P4_S19_R1|MANA IBU KAMU BAIK-BAIK ATAU TIDAK
P5_S19_R1|MANA IBU KAMU BAIK-BAIK ATAU TIDAK
P1_S19_R2|MANA IBU KAMU BAIK-BAIK ATAU TIDAK
P2_S19_R2|MANA IBU KAMU BAIK-BAIK ATAU TIDAK
P3_S19_R2|MANA IBU KAMU BAIK-BAIK ATAU TIDAK
P4_S19_R2|MANA IBU KAMU BAIK-BAIK ATAU TIDAK
P5_S19_R2|MANA IBU KAMU BAIK-BAIK ATAU TIDAK
P1_S19_R3|MANA IBU KAMU BAIK-BAIK ATAU TIDAK
P2_S19_R3|MANA IBU KAMU BAIK-BAIK ATAU TIDAK
P3_S19_R3|MANA IBU KAMU BAIK-BAIK ATAU TIDAK
P4_S19_R3|MANA IBU KAMU BAIK-BAIK ATAU TIDAK
P5_S19_R3|MANA IBU KAMU BAIK-BAIK ATAU TIDAK
P1_S19_R4|MANA IBU KAMU BAIK-BAIK ATAU TIDAK
P2_S19_R4|MANA IBU KAMU BAIK-BAIK ATAU TIDAK
P3_S19_R4|MANA IBU KAMU BAIK-BAIK ATAU TIDAK
P4_S19_R4|MANA IBU KAMU BAIK-BAIK ATAU TIDAK
P5_S19_R4|MANA IBU KAMU BAIK-BAIK ATAU TIDAK
P1_S20_R1|NAMA ISYARAT KAMU APA
P2_S20_R1|NAMA ISYARAT KAMU APA
P3_S20_R1|NAMA ISYARAT KAMU APA
P4_S20_R1|NAMA ISYARAT KAMU APA
P5_S20_R1|NAMA ISYARAT KAMU APA
P1_S20_R2|NAMA ISYARAT KAMU APA
P2_S20_R2|NAMA ISYARAT KAMU APA
P3_S20_R2|NAMA ISYARAT KAMU APA
P4_S20_R2|NAMA ISYARAT KAMU APA
P5_S20_R2|NAMA ISYARAT KAMU APA
P1_S20_R3|NAMA ISYARAT KAMU APA
P2_S20_R3|NAMA ISYARAT KAMU APA
P3_S20_R3|NAMA ISYARAT KAMU APA
P4_S20_R3|NAMA ISYARAT KAMU APA
P5_S20_R3|NAMA ISYARAT KAMU APA
P1_S20_R4|NAMA ISYARAT KAMU APA
P2_S20_R4|NAMA ISYARAT KAMU APA
P3_S20_R4|NAMA ISYARAT KAMU APA
P4_S20_R4|NAMA ISYARAT KAMU APA
P5_S20_R4|NAMA ISYARAT KAMU APA
P1_S21_R1|OBAT BISA BELI TOKO MANA
P2_S21_R1|OBAT BISA BELI TOKO MANA
P3_S21_R1|OBAT BISA BELI TOKO MANA
P4_S21_R1|OBAT BISA BELI TOKO MANA
P5_S21_R1|OBAT BISA BELI TOKO MANA
P1_S21_R2|OBAT BISA BELI TOKO MANA
P2_S21_R2|OBAT BISA BELI TOKO MANA
P3_S21_R2|OBAT BISA BELI TOKO MANA
P4_S21_R2|OBAT BISA BELI TOKO MANA
P5_S21_R2|OBAT BISA BELI TOKO MANA
P1_S21_R3|OBAT BISA BELI TOKO MANA
P2_S21_R3|OBAT BISA BELI TOKO MANA
P3_S21_R3|OBAT BISA BELI TOKO MANA
P4_S21_R3|OBAT BISA BELI TOKO MANA
P5_S21_R3|OBAT BISA BELI TOKO MANA
P1_S21_R4|OBAT BISA BELI TOKO MANA
P2_S21_R4|OBAT BISA BELI TOKO MANA
P3_S21_R4|OBAT BISA BELI TOKO MANA
P4_S21_R4|OBAT BISA BELI TOKO MANA
P5_S21_R4|OBAT BISA BELI TOKO MANA
P1_S22_R1|ORANG JAHAT SANA PUKUL AKU BERULANG
P2_S22_R1|ORANG JAHAT SANA PUKUL AKU BERULANG
P3_S22_R1|ORANG JAHAT SANA PUKUL AKU BERULANG
P4_S22_R1|ORANG JAHAT SANA PUKUL AKU BERULANG
P5_S22_R1|ORANG JAHAT SANA PUKUL AKU BERULANG
P1_S22_R2|ORANG JAHAT SANA PUKUL AKU BERULANG
P2_S22_R2|ORANG JAHAT SANA PUKUL AKU BERULANG
P3_S22_R2|ORANG JAHAT SANA PUKUL AKU BERULANG
P4_S22_R2|ORANG JAHAT SANA PUKUL AKU BERULANG
P5_S22_R2|ORANG JAHAT SANA PUKUL AKU BERULANG
P1_S22_R3|ORANG JAHAT SANA PUKUL AKU BERULANG
P2_S22_R3|ORANG JAHAT SANA PUKUL AKU BERULANG
P3_S22_R3|ORANG JAHAT SANA PUKUL AKU BERULANG
P4_S22_R3|ORANG JAHAT SANA PUKUL AKU BERULANG
P5_S22_R3|ORANG JAHAT SANA PUKUL AKU BERULANG
P1_S22_R4|ORANG JAHAT SANA PUKUL AKU BERULANG
P2_S22_R4|ORANG JAHAT SANA PUKUL AKU BERULANG
P3_S22_R4|ORANG JAHAT SANA PUKUL AKU BERULANG
P4_S22_R4|ORANG JAHAT SANA PUKUL AKU BERULANG
P5_S22_R4|ORANG JAHAT SANA PUKUL AKU BERULANG
P1_S23_R1|POLISI SANA PUKUL PENCURI
P2_S23_R1|POLISI SANA PUKUL PENCURI
P3_S23_R1|POLISI SANA PUKUL PENCURI
P4_S23_R1|POLISI SANA PUKUL PENCURI
P5_S23_R1|POLISI SANA PUKUL PENCURI
P1_S23_R2|POLISI SANA PUKUL PENCURI
P2_S23_R2|POLISI SANA PUKUL PENCURI
P3_S23_R2|POLISI SANA PUKUL PENCURI
P4_S23_R2|POLISI SANA PUKUL PENCURI
P5_S23_R2|POLISI SANA PUKUL PENCURI
P1_S23_R3|POLISI SANA PUKUL PENCURI
P2_S23_R3|POLISI SANA PUKUL PENCURI
P3_S23_R3|POLISI SANA PUKUL PENCURI
P4_S23_R3|POLISI SANA PUKUL PENCURI
P5_S23_R3|POLISI SANA PUKUL PENCURI
P1_S23_R4|POLISI SANA PUKUL PENCURI
P2_S23_R4|POLISI SANA PUKUL PENCURI
P3_S23_R4|POLISI SANA PUKUL PENCURI
P4_S23_R4|POLISI SANA PUKUL PENCURI
P5_S23_R4|POLISI SANA PUKUL PENCURI
P1_S24_R1|RUMAH DIMANA KAMU
P2_S24_R1|RUMAH DIMANA KAMU
P3_S24_R1|RUMAH DIMANA KAMU
P4_S24_R1|RUMAH DIMANA KAMU
P5_S24_R1|RUMAH DIMANA KAMU
P1_S24_R2|RUMAH DIMANA KAMU
P2_S24_R2|RUMAH DIMANA KAMU
P3_S24_R2|RUMAH DIMANA KAMU
P4_S24_R2|RUMAH DIMANA KAMU
P5_S24_R2|RUMAH DIMANA KAMU
P1_S24_R3|RUMAH DIMANA KAMU
P2_S24_R3|RUMAH DIMANA KAMU
P3_S24_R3|RUMAH DIMANA KAMU
P4_S24_R3|RUMAH DIMANA KAMU
P5_S24_R3|RUMAH DIMANA KAMU
P1_S24_R4|RUMAH DIMANA KAMU
P2_S24_R4|RUMAH DIMANA KAMU
P3_S24_R4|RUMAH DIMANA KAMU
P4_S24_R4|RUMAH DIMANA KAMU
P5_S24_R4|RUMAH DIMANA KAMU
P1_S25_R1|SANA BERITA SUDAH BANYAK RIBUAN ORANG LIHAT
P2_S25_R1|SANA BERITA SUDAH BANYAK RIBUAN ORANG LIHAT
P3_S25_R1|SANA BERITA SUDAH BANYAK RIBUAN ORANG LIHAT
P4_S25_R1|SANA BERITA SUDAH BANYAK RIBUAN ORANG LIHAT
P5_S25_R1|SANA BERITA SUDAH BANYAK RIBUAN ORANG LIHAT
P1_S25_R2|SANA BERITA SUDAH BANYAK RIBUAN ORANG LIHAT
P2_S25_R2|SANA BERITA SUDAH BANYAK RIBUAN ORANG LIHAT
P3_S25_R2|SANA BERITA SUDAH BANYAK RIBUAN ORANG LIHAT
P4_S25_R2|SANA BERITA SUDAH BANYAK RIBUAN ORANG LIHAT
P5_S25_R2|SANA BERITA SUDAH BANYAK RIBUAN ORANG LIHAT
P1_S25_R3|SANA BERITA SUDAH BANYAK RIBUAN ORANG LIHAT
P2_S25_R3|SANA BERITA SUDAH BANYAK RIBUAN ORANG LIHAT
P3_S25_R3|SANA BERITA SUDAH BANYAK RIBUAN ORANG LIHAT
P4_S25_R3|SANA BERITA SUDAH BANYAK RIBUAN ORANG LIHAT
P5_S25_R3|SANA BERITA SUDAH BANYAK RIBUAN ORANG LIHAT
P1_S25_R4|SANA BERITA SUDAH BANYAK RIBUAN ORANG LIHAT
P2_S25_R4|SANA BERITA SUDAH BANYAK RIBUAN ORANG LIHAT
P3_S25_R4|SANA BERITA SUDAH BANYAK RIBUAN ORANG LIHAT
P4_S25_R4|SANA BERITA SUDAH BANYAK RIBUAN ORANG LIHAT
P5_S25_R4|SANA BERITA SUDAH BANYAK RIBUAN ORANG LIHAT
P1_S26_R1|SANA ENAK NASI PADANG TAPI MAHAL
P2_S26_R1|SANA ENAK NASI PADANG TAPI MAHAL
P3_S26_R1|SANA ENAK NASI PADANG TAPI MAHAL
P4_S26_R1|SANA ENAK NASI PADANG TAPI MAHAL
P5_S26_R1|SANA ENAK NASI PADANG TAPI MAHAL
P1_S26_R2|SANA ENAK NASI PADANG TAPI MAHAL
P2_S26_R2|SANA ENAK NASI PADANG TAPI MAHAL
P3_S26_R2|SANA ENAK NASI PADANG TAPI MAHAL
P4_S26_R2|SANA ENAK NASI PADANG TAPI MAHAL
P5_S26_R2|SANA ENAK NASI PADANG TAPI MAHAL
P1_S26_R3|SANA ENAK NASI PADANG TAPI MAHAL
P2_S26_R3|SANA ENAK NASI PADANG TAPI MAHAL
P3_S26_R3|SANA ENAK NASI PADANG TAPI MAHAL
P4_S26_R3|SANA ENAK NASI PADANG TAPI MAHAL
P5_S26_R3|SANA ENAK NASI PADANG TAPI MAHAL
P1_S26_R4|SANA ENAK NASI PADANG TAPI MAHAL
P2_S26_R4|SANA ENAK NASI PADANG TAPI MAHAL
P3_S26_R4|SANA ENAK NASI PADANG TAPI MAHAL
P4_S26_R4|SANA ENAK NASI PADANG TAPI MAHAL
P5_S26_R4|SANA ENAK NASI PADANG TAPI MAHAL
P1_S27_R1|SANA TOILET KOTOR
P2_S27_R1|SANA TOILET KOTOR
P3_S27_R1|SANA TOILET KOTOR
P4_S27_R1|SANA TOILET KOTOR
P5_S27_R1|SANA TOILET KOTOR
P1_S27_R2|SANA TOILET KOTOR
P2_S27_R2|SANA TOILET KOTOR
P3_S27_R2|SANA TOILET KOTOR
P4_S27_R2|SANA TOILET KOTOR
P5_S27_R2|SANA TOILET KOTOR
P1_S27_R3|SANA TOILET KOTOR
P2_S27_R3|SANA TOILET KOTOR
P3_S27_R3|SANA TOILET KOTOR
P4_S27_R3|SANA TOILET KOTOR
P5_S27_R3|SANA TOILET KOTOR
P1_S27_R4|SANA TOILET KOTOR
P2_S27_R4|SANA TOILET KOTOR
P3_S27_R4|SANA TOILET KOTOR
P4_S27_R4|SANA TOILET KOTOR
P5_S27_R4|SANA TOILET KOTOR
P1_S28_R1|SEPATU DIA KOTOR
P2_S28_R1|SEPATU DIA KOTOR
P3_S28_R1|SEPATU DIA KOTOR
P4_S28_R1|SEPATU DIA KOTOR
P5_S28_R1|SEPATU DIA KOTOR
P1_S28_R2|SEPATU DIA KOTOR
P2_S28_R2|SEPATU DIA KOTOR
P3_S28_R2|SEPATU DIA KOTOR
P4_S28_R2|SEPATU DIA KOTOR
P5_S28_R2|SEPATU DIA KOTOR
P1_S28_R3|SEPATU DIA KOTOR
P2_S28_R3|SEPATU DIA KOTOR
P3_S28_R3|SEPATU DIA KOTOR
P4_S28_R3|SEPATU DIA KOTOR
P5_S28_R3|SEPATU DIA KOTOR
P1_S28_R4|SEPATU DIA KOTOR
P2_S28_R4|SEPATU DIA KOTOR
P3_S28_R4|SEPATU DIA KOTOR
P4_S28_R4|SEPATU DIA KOTOR
P5_S28_R4|SEPATU DIA KOTOR
P1_S29_R1|TONG-SAMPAH ADA SEMUT BANYAK
P2_S29_R1|TONG-SAMPAH ADA SEMUT BANYAK
P3_S29_R1|TONG-SAMPAH ADA SEMUT BANYAK
P4_S29_R1|TONG-SAMPAH ADA SEMUT BANYAK
P5_S29_R1|TONG-SAMPAH ADA SEMUT BANYAK
P1_S29_R2|TONG-SAMPAH ADA SEMUT BANYAK
P2_S29_R2|TONG-SAMPAH ADA SEMUT BANYAK
P3_S29_R2|TONG-SAMPAH ADA SEMUT BANYAK
P4_S29_R2|TONG-SAMPAH ADA SEMUT BANYAK
P5_S29_R2|TONG-SAMPAH ADA SEMUT BANYAK
P1_S29_R3|TONG-SAMPAH ADA SEMUT BANYAK
P2_S29_R3|TONG-SAMPAH ADA SEMUT BANYAK
P3_S29_R3|TONG-SAMPAH ADA SEMUT BANYAK
P4_S29_R3|TONG-SAMPAH ADA SEMUT BANYAK
P5_S29_R3|TONG-SAMPAH ADA SEMUT BANYAK
P1_S29_R4|TONG-SAMPAH ADA SEMUT BANYAK
P2_S29_R4|TONG-SAMPAH ADA SEMUT BANYAK
P3_S29_R4|TONG-SAMPAH ADA SEMUT BANYAK
P4_S29_R4|TONG-SAMPAH ADA SEMUT BANYAK
P5_S29_R4|TONG-SAMPAH ADA SEMUT BANYAK
P1_S30_R1|ULAR SANA MAKAN KAMBING
P2_S30_R1|ULAR SANA MAKAN KAMBING
P3_S30_R1|ULAR SANA MAKAN KAMBING
P4_S30_R1|ULAR SANA MAKAN KAMBING
P5_S30_R1|ULAR SANA MAKAN KAMBING
P1_S30_R2|ULAR SANA MAKAN KAMBING
P2_S30_R2|ULAR SANA MAKAN KAMBING
P3_S30_R2|ULAR SANA MAKAN KAMBING
P4_S30_R2|ULAR SANA MAKAN KAMBING
P5_S30_R2|ULAR SANA MAKAN KAMBING
P1_S30_R3|ULAR SANA MAKAN KAMBING
P2_S30_R3|ULAR SANA MAKAN KAMBING
P3_S30_R3|ULAR SANA MAKAN KAMBING
P4_S30_R3|ULAR SANA MAKAN KAMBING
P5_S30_R3|ULAR SANA MAKAN KAMBING
P1_S30_R4|ULAR SANA MAKAN KAMBING
P2_S30_R4|ULAR SANA MAKAN KAMBING
P3_S30_R4|ULAR SANA MAKAN KAMBING
P4_S30_R4|ULAR SANA MAKAN KAMBING
P5_S30_R4|ULAR SANA MAKAN KAMBING
